min,1.0
10,1.0214787036278288
20,1.0470052888959074
30,1.0684916993965785
40,1.1109456782400167
median,1.1968001252079614
60,1.3260231913146316
70,1.6068640714250757
80,2.3247386596455715
90,4.938631324929095
95,10.015930113052415
99,31.73731766812791
max,2043.249743062693
mean,3.37862106831528
