min,1.0
10,1.0102880658436213
20,1.0246631651061886
30,1.0355699272433307
40,1.0505190311418686
median,1.062992125984252
60,1.0748482805124746
70,1.0909090909090908
80,1.2
90,1.5393700787401574
95,3.1760299625468167
99,14.0
max,778.0
mean,1.8726872054575379
