min,1.0
10,1.0095808383233533
20,1.024463680843056
30,1.0362116991643453
40,1.0488400488400489
median,1.0627107215104519
60,1.0754158964879852
70,1.092005076142132
80,1.1763668430335097
90,1.518850987432675
95,2.560655737704918
99,11.91549295774648
max,781.0
mean,1.6936213891541778
