min,1.0
10,1.0756302521008403
20,1.140279542566709
30,1.1960227272727273
40,1.2538884900693945
median,1.3137254901960784
60,1.4074725274725275
70,1.757670772676366
80,2.5903954802259888
90,5.199281867145422
95,9.947540983606558
99,41.15384615384615
max,1357.5
mean,4.165897987503892
