min,1.0
10,1.0777047220561864
20,1.1445728345032202
30,1.197887715397443
40,1.2577583059510768
median,1.3099906629318394
60,1.3738680465717983
70,1.670982482863671
80,2.046728971962617
90,3.39292364990689
95,7.514563106796118
99,30.73913043478261
max,260.25
mean,2.9509234097935138
