min,1.0
10,1.036080275005849
20,1.1227260373877996
30,1.2750356958994686
40,1.4938848356332872
median,1.861338739287833
60,2.5550292940758323
70,3.6788701880196406
80,6.230637883825498
90,14.950719217605407
95,32.36055405788869
99,112.70657410696413
max,1227.1291713961407
mean,8.978823048069259
